{
    "key": "group_65715ae29df83",
    "title": "Page Content",
    "fields": [
        {
            "key": "field_65715ae2ffb8e",
            "label": "Content",
            "name": "page_content",
            "aria-label": "",
            "type": "flexible_content",
            "instructions": "",
            "required": 0,
            "conditional_logic": 0,
            "wrapper": {
                "width": "",
                "class": "",
                "id": ""
            },
            "layouts": {
                "layout_65715af97bacd": {
                    "key": "layout_65715af97bacd",
                    "name": "banner_section",
                    "label": "Banner Section",
                    "display": "block",
                    "sub_fields": [
                        {
                            "key": "field_6571851cf4a31",
                            "label": "Class Tab",
                            "name": "",
                            "aria-label": "",
                            "type": "tab",
                            "instructions": "",
                            "required": 0,
                            "conditional_logic": 0,
                            "wrapper": {
                                "width": "",
                                "class": "",
                                "id": ""
                            },
                            "placement": "top",
                            "endpoint": 0
                        },
                        {
                            "key": "field_65718544f4a32",
                            "label": "Section Class",
                            "name": "section_class",
                            "aria-label": "",
                            "type": "text",
                            "instructions": "",
                            "required": 0,
                            "conditional_logic": 0,
                            "wrapper": {
                                "width": "",
                                "class": "",
                                "id": ""
                            },
                            "default_value": "",
                            "maxlength": "",
                            "placeholder": "",
                            "prepend": "",
                            "append": ""
                        },
                        {
                            "key": "field_65716cc4c937f",
                            "label": "Image Tab",
                            "name": "",
                            "aria-label": "",
                            "type": "tab",
                            "instructions": "",
                            "required": 0,
                            "conditional_logic": 0,
                            "wrapper": {
                                "width": "",
                                "class": "",
                                "id": ""
                            },
                            "placement": "top",
                            "endpoint": 0
                        },
                        {
                            "key": "field_65716bd92bd95",
                            "label": "Background Type",
                            "name": "background_type",
                            "aria-label": "",
                            "type": "select",
                            "instructions": "",
                            "required": 0,
                            "conditional_logic": 0,
                            "wrapper": {
                                "width": "50",
                                "class": "",
                                "id": ""
                            },
                            "choices": {
                                "image": "Image",
                                "color": "Background Color"
                            },
                            "default_value": "image",
                            "return_format": "value",
                            "multiple": 0,
                            "allow_null": 0,
                            "ui": 0,
                            "ajax": 0,
                            "placeholder": ""
                        },
                        {
                            "key": "field_657167b329148",
                            "label": "Background Image",
                            "name": "background_image",
                            "aria-label": "",
                            "type": "image",
                            "instructions": "",
                            "required": 0,
                            "conditional_logic": [
                                [
                                    {
                                        "field": "field_65716bd92bd95",
                                        "operator": "==",
                                        "value": "image"
                                    }
                                ]
                            ],
                            "wrapper": {
                                "width": "50",
                                "class": "",
                                "id": ""
                            },
                            "return_format": "id",
                            "library": "all",
                            "min_width": "",
                            "min_height": "",
                            "min_size": "",
                            "max_width": "",
                            "max_height": "",
                            "max_size": "",
                            "mime_types": "",
                            "preview_size": "medium"
                        },
                        {
                            "key": "field_65716c252bd96",
                            "label": "Background Color",
                            "name": "background_color",
                            "aria-label": "",
                            "type": "color_picker",
                            "instructions": "",
                            "required": 0,
                            "conditional_logic": [
                                [
                                    {
                                        "field": "field_65716bd92bd95",
                                        "operator": "==",
                                        "value": "color"
                                    }
                                ]
                            ],
                            "wrapper": {
                                "width": "50",
                                "class": "",
                                "id": ""
                            },
                            "default_value": "",
                            "enable_opacity": 0,
                            "return_format": "string"
                        },
                        {
                            "key": "field_65716ce1c9380",
                            "label": "Text Tab",
                            "name": "",
                            "aria-label": "",
                            "type": "tab",
                            "instructions": "",
                            "required": 0,
                            "conditional_logic": 0,
                            "wrapper": {
                                "width": "",
                                "class": "",
                                "id": ""
                            },
                            "placement": "top",
                            "endpoint": 0
                        },
                        {
                            "key": "field_657161d056cb1",
                            "label": "Heading",
                            "name": "heading",
                            "aria-label": "",
                            "type": "textarea",
                            "instructions": "",
                            "required": 0,
                            "conditional_logic": 0,
                            "wrapper": {
                                "width": "50",
                                "class": "",
                                "id": ""
                            },
                            "default_value": "",
                            "maxlength": "",
                            "rows": "",
                            "placeholder": "",
                            "new_lines": ""
                        },
                        {
                            "key": "field_657167d929149",
                            "label": "Buttons",
                            "name": "buttons",
                            "aria-label": "",
                            "type": "repeater",
                            "instructions": "",
                            "required": 0,
                            "conditional_logic": 0,
                            "wrapper": {
                                "width": "",
                                "class": "",
                                "id": ""
                            },
                            "layout": "table",
                            "min": 0,
                            "max": 0,
                            "collapsed": "",
                            "button_label": "Add Button",
                            "rows_per_page": 20,
                            "sub_fields": [
                                {
                                    "key": "field_65716a252914c",
                                    "label": "Button Text",
                                    "name": "button_text",
                                    "aria-label": "",
                                    "type": "text",
                                    "instructions": "",
                                    "required": 0,
                                    "conditional_logic": 0,
                                    "wrapper": {
                                        "width": "",
                                        "class": "",
                                        "id": ""
                                    },
                                    "default_value": "",
                                    "maxlength": "",
                                    "placeholder": "",
                                    "prepend": "",
                                    "append": "",
                                    "parent_repeater": "field_657167d929149"
                                },
                                {
                                    "key": "field_657169a32914a",
                                    "label": "Link",
                                    "name": "link",
                                    "aria-label": "",
                                    "type": "link",
                                    "instructions": "",
                                    "required": 0,
                                    "conditional_logic": 0,
                                    "wrapper": {
                                        "width": "",
                                        "class": "",
                                        "id": ""
                                    },
                                    "return_format": "array",
                                    "parent_repeater": "field_657167d929149"
                                },
                                {
                                    "key": "field_65716a372914d",
                                    "label": "Button Color",
                                    "name": "button_color",
                                    "aria-label": "",
                                    "type": "color_picker",
                                    "instructions": "",
                                    "required": 0,
                                    "conditional_logic": 0,
                                    "wrapper": {
                                        "width": "",
                                        "class": "",
                                        "id": ""
                                    },
                                    "default_value": "",
                                    "enable_opacity": 0,
                                    "return_format": "string",
                                    "parent_repeater": "field_657167d929149"
                                }
                            ]
                        }
                    ],
                    "min": "",
                    "max": ""
                },
                "layout_65719756638ba": {
                    "key": "layout_65719756638ba",
                    "name": "add_service_grid",
                    "label": "Add Service Grid",
                    "display": "block",
                    "sub_fields": [
                        {
                            "key": "field_65719797638bc",
                            "label": "Add Service",
                            "name": "add_service",
                            "aria-label": "",
                            "type": "relationship",
                            "instructions": "",
                            "required": 0,
                            "conditional_logic": 0,
                            "wrapper": {
                                "width": "50",
                                "class": "",
                                "id": ""
                            },
                            "post_type": [
                                "service"
                            ],
                            "post_status": [
                                "publish"
                            ],
                            "taxonomy": "",
                            "filters": [
                                "search"
                            ],
                            "return_format": "object",
                            "min": "",
                            "max": "",
                            "elements": "",
                            "bidirectional": 0,
                            "bidirectional_target": []
                        },
                        {
                            "key": "field_65719b5e7b904",
                            "label": "Section Class",
                            "name": "section_class",
                            "aria-label": "",
                            "type": "text",
                            "instructions": "",
                            "required": 0,
                            "conditional_logic": 0,
                            "wrapper": {
                                "width": "50",
                                "class": "",
                                "id": ""
                            },
                            "default_value": "",
                            "maxlength": "",
                            "placeholder": "",
                            "prepend": "",
                            "append": ""
                        }
                    ],
                    "min": "",
                    "max": ""
                }
            },
            "min": "",
            "max": "",
            "button_label": "Add Layout"
        }
    ],
    "location": [
        [
            {
                "param": "page_template",
                "operator": "==",
                "value": "default"
            }
        ]
    ],
    "menu_order": 0,
    "position": "normal",
    "style": "default",
    "label_placement": "top",
    "instruction_placement": "label",
    "hide_on_screen": "",
    "active": true,
    "description": "",
    "show_in_rest": 0,
    "modified": 1701944225
}
